hapID,KIR3DL3,KIR2DS2,KIR2DL2,KIR2DL3,KIR2DL5,KIR2DS3,KIR2DP1,KIR2DL1,KIR3DP1,KIR2DL4,KIR3DL1,KIR3DS1,KIR2DS5,KIR2DS1,KIR2DS4,KIR3DL2
cA01:tA01,1,0,0,1,0,0,1,1,1,1,1,0,0,0,1,1
cA01:tB01,1,0,0,1,1,0,1,1,1,1,0,1,1,1,0,1
cB02:tA01,1,1,1,0,0,0,0,0,1,1,1,0,0,0,1,1
cB01:tA01,1,1,1,0,1,1,1,1,1,1,1,0,0,0,1,1
cB01:tB01,1,1,1,0,2,1,1,1,1,1,0,1,1,1,0,1
cB02:tB01,1,1,1,0,1,0,0,0,1,1,0,1,1,1,0,1
cB01:tB01.1,1,1,1,0,2,2,1,1,1,1,0,1,0,1,0,1
cA01:tB01.1,1,0,0,1,1,1,1,1,1,1,0,1,0,1,0,1
Jiang.12,1,1,1,0,1,0,0,0,0,0,0,0,1,1,0,1
Jiang.13,1,1,1,0,1,1,1,1,2,2,1,1,0,0,1,1
Jiang.14,1,0,0,1,2,1,2,2,2,2,0,2,1,1,0,1